序号,类型,query,HKGAI-V1-PROD_答案,HKGAI-V1-PROD_评分,HKGAI-V1-PROD_理由,HKGAI-V1-Thinking-PROD_答案,HKGAI-V1-Thinking-PROD_评分,HKGAI-V1-Thinking-PROD_理由
1,未分类,公司執笠，我被‘炖冬菇’，點算,无有效内容返回,3,响应因达到最大token限制被截断，无法完整评测，给出中性评分,无有效内容返回,3,响应因达到最大token限制被截断，无法完整评测，给出中性评分
2,未分类,份工chur到爆，頂唔順了，想劈炮,无有效内容返回,3,响应因达到最大token限制被截断，无法完整评测，给出中性评分,无有效内容返回,3,响应因达到最大token限制被截断，无法完整评测，给出中性评分
3,未分类,想同個客傾數，但對方玩失蹤,无有效内容返回,3,响应因达到最大token限制被截断，无法完整评测，给出中性评分,无有效内容返回,3,响应因达到最大token限制被截断，无法完整评测，给出中性评分
4,未分类,張單臨門撻Q，蝕到燶,无有效内容返回,3,响应因达到最大token限制被截断，无法完整评测，给出中性评分,无有效内容返回,3,响应因达到最大token限制被截断，无法完整评测，给出中性评分
5,未分类,朋友send個『GG』過嚟，係叫我打機定點？,无有效内容返回,3,响应因达到最大token限制被截断，无法完整评测，给出中性评分,无有效内容返回,3,响应因达到最大token限制被截断，无法完整评测，给出中性评分
6,未分类,同另一半拗撬，好炆,无有效内容返回,3,响应因达到最大token限制被截断，无法完整评测，给出中性评分,无有效内容返回,3,响应因达到最大token限制被截断，无法完整评测，给出中性评分
7,未分类,打風打爛咗塊玻璃，要搵人整但唔知搵邊個,无有效内容返回,3,响应因达到最大token限制被截断，无法完整评测，给出中性评分,无有效内容返回,3,响应因达到最大token限制被截断，无法完整评测，给出中性评分
8,未分类,今個月出糧又出咗張『彈票』，老細話『周轉不靈』，係咪『凍過水』？,无有效内容返回,3,响应因达到最大token限制被截断，无法完整评测，给出中性评分,无有效内容返回,3,响应因达到最大token限制被截断，无法完整评测，给出中性评分
9,未分类,我阿嬤仲話我『9唔搭8』，係讚定係彈？,无有效内容返回,3,响应因达到最大token限制被截断，无法完整评测，给出中性评分,无有效内容返回,3,响应因达到最大token限制被截断，无法完整评测，给出中性评分
10,未分类,成個星期都焗到成個蒸籠咁，點算,无有效内容返回,3,响应因达到最大token限制被截断，无法完整评测，给出中性评分,无有效内容返回,3,响应因达到最大token限制被截断，无法完整评测，给出中性评分
11,未分类,朝早出門口明明好天，點解放工永遠都撞正落雨？係咪個天專登玩打工仔？,无有效内容返回,3,响应因达到最大token限制被截断，无法完整评测，给出中性评分,无有效内容返回,3,响应因达到最大token限制被截断，无法完整评测，给出中性评分
12,未分类,痴線㗎！打風話會好勁，點知最後得啲微風，班天文台係咪呃飯食？,无有效内容返回,3,响应因达到最大token限制被截断，无法完整评测，给出中性评分,无有效内容返回,3,响应因达到最大token限制被截断，无法完整评测，给出中性评分
13,未分类,頂！個濕度成日話90%，我啲衫晾咗三日都仲係濕嘅，係咪天文台個錶壞咗？,无有效内容返回,3,响应因达到最大token限制被截断，无法完整评测，给出中性评分,无有效内容返回,3,响应因达到最大token限制被截断，无法完整评测，给出中性评分
14,未分类,點解打風前夕特別悶熱？個天係咪特登整蠱人㗎？,无有效内容返回,3,响应因达到最大token限制被截断，无法完整评测，给出中性评分,无有效内容返回,3,响应因达到最大token限制被截断，无法完整评测，给出中性评分
15,未分类,點解成日話「天氣不穩定」，但次次都穩定地落雨？天文台係咪詞窮啊？,无有效内容返回,3,响应因达到最大token限制被截断，无法完整评测，给出中性评分,无有效内容返回,3,响应因达到最大token限制被截断，无法完整评测，给出中性评分
16,未分类,天文台成日話「溫度稍降」，點解我feel唔到有降過？佢哋係咪呃鬼食豆腐啊？,无有效内容返回,3,响应因达到最大token限制被截断，无法完整评测，给出中性评分,无有效内容返回,3,响应因达到最大token限制被截断，无法完整评测，给出中性评分
17,未分类,"一早話L左,ATM得隻700仲頂得住,其他幾隻根本已經跑輸哂大市咩，解釋下",无有效内容返回,3,响应因达到最大token限制被截断，无法完整评测，给出中性评分,无有效内容返回,3,响应因达到最大token限制被截断，无法完整评测，给出中性评分
18,未分类,"大A自己攪番自己友, 梗係死得啦，到你地放棄, 割完九菜, 佢又話照舊",无有效内容返回,3,响应因达到最大token限制被截断，无法完整评测，给出中性评分,无有效内容返回,3,响应因达到最大token限制被截断，无法完整评测，给出中性评分
19,未分类,一樣米養百樣人，有你就唔覺怪了,无有效内容返回,3,响应因达到最大token限制被截断，无法完整评测，给出中性评分,无有效内容返回,3,响应因达到最大token限制被截断，无法完整评测，给出中性评分
20,未分类,"呢D人有好多, 成日話咩大股災, 大崩盤, 係有少少知識, 但真係掃把星, 信佢果D就PK, 好燈",无有效内容返回,3,响应因达到最大token限制被截断，无法完整评测，给出中性评分,无有效内容返回,3,响应因达到最大token限制被截断，无法完整评测，给出中性评分
21,未分类,"峰哥我已BAN左佢, 唔會再出現係我YT度, 污染眼睛",无有效内容返回,3,响应因达到最大token限制被截断，无法完整评测，给出中性评分,无有效内容返回,3,响应因达到最大token限制被截断，无法完整评测，给出中性评分
22,未分类,依家去茶記食餐，目測，冇乜人會加錢轉一丁,无有效内容返回,3,响应因达到最大token限制被截断，无法完整评测，给出中性评分,无有效内容返回,3,响应因达到最大token限制被截断，无法完整评测，给出中性评分
23,未分类,"日笨仔笑鄉講人去餐廳食公仔麵,因為日笨餐廳根本唔會將公仔麵奉客,有失廚師體面",无有效内容返回,3,响应因达到最大token限制被截断，无法完整评测，给出中性评分,无有效内容返回,3,响应因达到最大token限制被截断，无法完整评测，给出中性评分
24,未分类,"慳得一蚊得一蚊
就係現在香港市民寫照 
要嚟對抗未來生活通脹 
存款高 但幫唔到市面 日本條舊路",无有效内容返回,3,响应因达到最大token限制被截断，无法完整评测，给出中性评分,无有效内容返回,3,响应因达到最大token限制被截断，无法完整评测，给出中性评分
25,未分类,美國政府話美國有中國間諜，擺明呃9啦,无有效内容返回,3,响应因达到最大token限制被截断，无法完整评测，给出中性评分,无有效内容返回,3,响应因达到最大token限制被截断，无法完整评测，给出中性评分
26,未分类,多謝假髮人，輕判后果，假髮人指？,无有效内容返回,3,响应因达到最大token限制被截断，无法完整评测，给出中性评分,无有效内容返回,3,响应因达到最大token限制被截断，无法完整评测，给出中性评分
27,未分类,炒咗D貴人工，再請番D平價人工，點解釋這句話,无有效内容返回,3,响应因达到最大token限制被截断，无法完整评测，给出中性评分,无有效内容返回,3,响应因达到最大token限制被截断，无法完整评测，给出中性评分
28,未分类,慢慢玩7侵侵...一於賣小小比你吹咩,无有效内容返回,3,响应因达到最大token限制被截断，无法完整评测，给出中性评分,无有效内容返回,3,响应因达到最大token限制被截断，无法完整评测，给出中性评分
29,未分类,AI炒股都諗到，有用既話人人都股神la，你點睇,无有效内容返回,3,响应因达到最大token限制被截断，无法完整评测，给出中性评分,无有效内容返回,3,响应因达到最大token限制被截断，无法完整评测，给出中性评分
30,未分类,美國個價低香港咁多，大戶會唔會搬貨來香港沽？攪到香港都跌。,无有效内容返回,3,响应因达到最大token限制被截断，无法完整评测，给出中性评分,无有效内容返回,3,响应因达到最大token限制被截断，无法完整评测，给出中性评分
31,未分类,"EXACT7LY!!!! 跳閘幾蚊都貪, 就絕對會為幾百蚊百佳禮券去擲磚擲汽油彈
解釋下",无有效内容返回,3,响应因达到最大token限制被截断，无法完整评测，给出中性评分,无有效内容返回,3,响应因达到最大token限制被截断，无法完整评测，给出中性评分
32,未分类,"一鋪清袋, 連累埋老豆",无有效内容返回,3,响应因达到最大token限制被截断，无法完整评测，给出中性评分,无有效内容返回,3,响应因达到最大token限制被截断，无法完整评测，给出中性评分
33,未分类,"一個人究竟有幾on9，先會中計，無端端租個車位就同你講投資，醒少少嘅都知道有問題啦，仲要真係畀錢佢投資，畀人呃曬啲錢唯有怨自己on9
on9指什麼",无有效内容返回,3,响应因达到最大token限制被截断，无法完整评测，给出中性评分,无有效内容返回,3,响应因达到最大token限制被截断，无法完整评测，给出中性评分
34,未分类,"係咁，有啲人持住自己老屎忽，就欺負啲新人
解釋下",无有效内容返回,3,响应因达到最大token限制被截断，无法完整评测，给出中性评分,无有效内容返回,3,响应因达到最大token限制被截断，无法完整评测，给出中性评分
35,未分类,"公司會不會因為怕比長服, 傾向不炒老員工?",无有效内容返回,3,响应因达到最大token限制被截断，无法完整评测，给出中性评分,无有效内容返回,3,响应因达到最大token限制被截断，无法完整评测，给出中性评分
36,未分类,如果想買部新手電，選邊個品牌好呢？華為、小米、Honor 定係 Vivo？,无有效内容返回,3,响应因达到最大token限制被截断，无法完整评测，给出中性评分,无有效内容返回,3,响应因达到最大token限制被截断，无法完整评测，给出中性评分
37,未分类,點解未補地價居屋貴過私樓好多,无有效内容返回,3,响应因达到最大token限制被截断，无法完整评测，给出中性评分,无有效内容返回,3,响应因达到最大token限制被截断，无法完整评测，给出中性评分
38,未分类,兩皮野夠唔夠裝修間房 ？,无有效内容返回,3,响应因达到最大token限制被截断，无法完整评测，给出中性评分,无有效内容返回,3,响应因达到最大token限制被截断，无法完整评测，给出中性评分
39,未分类,12萬家庭月入買上蓋盤有咩好選擇,无有效内容返回,3,响应因达到最大token限制被截断，无法完整评测，给出中性评分,无有效内容返回,3,响应因达到最大token限制被截断，无法完整评测，给出中性评分
40,未分类,而家買什麼股票好,无有效内容返回,3,响应因达到最大token限制被截断，无法完整评测，给出中性评分,无有效内容返回,3,响应因达到最大token限制被截断，无法完整评测，给出中性评分
41,未分类,"佢發聲明同人割席, 即之前好Friend?",无有效内容返回,3,响应因达到最大token限制被截断，无法完整评测，给出中性评分,无有效内容返回,3,响应因达到最大token限制被截断，无法完整评测，给出中性评分
42,未分类,近期都話C朗，有咩體育盛事？,无有效内容返回,3,响应因达到最大token限制被截断，无法完整评测，给出中性评分,无有效内容返回,3,响应因达到最大token限制被截断，无法完整评测，给出中性评分
43,未分类,慘 自己開左箱 發現電視爆mon,无有效内容返回,3,响应因达到最大token限制被截断，无法完整评测，给出中性评分,无有效内容返回,3,响应因达到最大token限制被截断，无法完整评测，给出中性评分
44,未分类,拼多多用alipay香港付款，alipay使唔使做認證，還是用餘額過數便可？,无有效内容返回,3,响应因达到最大token限制被截断，无法完整评测，给出中性评分,无有效内容返回,3,响应因达到最大token限制被截断，无法完整评测，给出中性评分
45,未分类,近日聽人講，喺綠燈跑都俾人捉，過馬路千祈唔好跑,无有效内容返回,3,响应因达到最大token限制被截断，无法完整评测，给出中性评分,无有效内容返回,3,响应因达到最大token限制被截断，无法完整评测，给出中性评分
46,未分类,2025荷里活，尤其迪士尼，完全唔掂,无有效内容返回,3,响应因达到最大token限制被截断，无法完整评测，给出中性评分,无有效内容返回,3,响应因达到最大token限制被截断，无法完整评测，给出中性评分
47,未分类,"唔知係咪out咗，食完晚餐，諗住搭摩天輪hea吓，見到人龍便放棄，想食富豪雪糕，2-30人排隊🫨(放棄) ，諗住搭渡輪hea去尖沙咀，龍尾排到巴士站，往上層諗住少啲人，入閘機前遭截停，等埋岸船隻離開才可以入閘，足足半小時有多，全船滿座，從未試過；還好，尖沙咀富豪雪糕只有大約10人排隊，未到太空館已食完(已溶晒) 。到尖東站搭屯馬線，居然要排隊入閘(只有2台供入閘) ，幾經辛苦到月台，才知訊號固障，車程比正常多半小時(出閘唔扣錢) 🥵....., 算係一個難忘生日。

寫篇感想比我發face",无有效内容返回,3,响应因达到最大token限制被截断，无法完整评测，给出中性评分,无有效内容返回,3,响应因达到最大token限制被截断，无法完整评测，给出中性评分
48,未分类,你作個古仔比我聽嚇啦,无有效内容返回,3,响应因达到最大token限制被截断，无法完整评测，给出中性评分,无有效内容返回,3,响应因达到最大token限制被截断，无法完整评测，给出中性评分
49,未分类,坐监，先系香港年轻人嘅唯一出路！出處邊？,无有效内容返回,3,响应因达到最大token限制被截断，无法完整评测，给出中性评分,无有效内容返回,3,响应因达到最大token限制被截断，无法完整评测，给出中性评分
